{
    "MAE": [
        12675557.0,
        12618373.0,
        3040330.0,
        4506608.5,
        3108547.25
    ],
    "RMSE": [
        14729839.613049967,
        13567773.55886514,
        3790102.331849102,
        5398299.187867231,
        3789873.5257504308
    ],
    "MAPE": [
        0.3222178518772125,
        0.24964292347431183,
        0.052616462111473083,
        0.07963338494300842,
        0.054487552493810654
    ]
}