{
    "MAE": [
        1049209.75,
        707850.625,
        844753.1875,
        841631.5625,
        1152028.875
    ],
    "RMSE": [
        1279368.6506961158,
        910217.9991013142,
        1049208.4342779561,
        1083406.8203145114,
        1476444.0408278264
    ],
    "MAPE": [
        0.39137887954711914,
        0.15638752281665802,
        0.18235142529010773,
        0.14387378096580505,
        0.20838670432567596
    ]
}