{
    "MAE": [
        0.09870687127113342,
        0.06632550805807114,
        0.04149749130010605,
        0.06259984523057938,
        0.09904561936855316
    ],
    "RMSE": [
        0.1466988074873735,
        0.0828038514767468,
        0.05615584321105553,
        0.08035783357030093,
        0.12137347645544906
    ],
    "MAPE": [
        2.5458898544311523,
        1.3123606443405151,
        1.7971776723861694,
        3.5771450996398926,
        9.877400398254395
    ]
}