{
    "MAE": [
        1012178.5625,
        728589.9375,
        995204.5,
        746150.1875,
        1154215.875
    ],
    "RMSE": [
        1228989.4253995842,
        947634.5813867284,
        1201287.4126569377,
        955656.777886287,
        1443673.7719914427
    ],
    "MAPE": [
        0.385104238986969,
        0.14802227914333344,
        0.2065979391336441,
        0.12920992076396942,
        0.20668503642082214
    ]
}