{
    "MAE": [
        0.24602802097797394,
        0.13193222880363464,
        0.10172385722398758,
        0.06821252405643463,
        0.10482975095510483
    ],
    "RMSE": [
        0.3462382985627008,
        0.16014304339223917,
        0.12349411128002045,
        0.08941178032698625,
        0.13505816842299742
    ],
    "MAPE": [
        8.724141120910645,
        3.058248519897461,
        9.653539657592773,
        1.715862512588501,
        1.4455666542053223
    ]
}