{
    "MAE": [
        895648.25,
        722362.3125,
        898076.6875,
        965771.6875,
        1729779.875
    ],
    "RMSE": [
        1127104.3034466687,
        901150.6903864637,
        1158918.7576564632,
        1249574.6275529126,
        2309781.8723264756
    ],
    "MAPE": [
        0.28567326068878174,
        0.15884585678577423,
        0.1886521726846695,
        0.1666325032711029,
        0.2974837124347687
    ]
}