{
    "MAE": [
        1462438.125,
        797937.1875,
        832632.125,
        1816979.875,
        708996.125
    ],
    "RMSE": [
        1835288.978488129,
        995249.972250188,
        1006669.6368839183,
        2119260.8358500847,
        945575.5324076443
    ],
    "MAPE": [
        0.38980013132095337,
        0.19802728295326233,
        0.1806078404188156,
        0.44320669770240784,
        0.14975400269031525
    ]
}