{
    "MAE": [
        1336371.75,
        444108.65625,
        878013.0625,
        422975.15625,
        1746904.0
    ],
    "RMSE": [
        1679987.2389610582,
        554060.5935960434,
        1101751.1351371508,
        502686.80119533674,
        2043245.6174077555
    ],
    "MAPE": [
        0.32879626750946045,
        0.10733816027641296,
        0.14564062654972076,
        0.08614162355661392,
        0.40282219648361206
    ]
}