{
    "MAE": [
        0.11759508401155472,
        0.1037234514951706,
        0.12191791087388992,
        0.07043107599020004,
        0.08631397038698196
    ],
    "RMSE": [
        0.1657053010537781,
        0.132952840371006,
        0.14785652908187272,
        0.09489194453060207,
        0.110561298130397
    ],
    "MAPE": [
        1.6398712396621704,
        4.549222469329834,
        10.98526668548584,
        4.425195217132568,
        7.590508460998535
    ]
}