{
    "MAE": [
        121837.671875,
        112525.671875,
        72763.8359375,
        84167.0390625,
        83134.921875
    ],
    "RMSE": [
        218179.1070473981,
        209670.80819227078,
        196468.31496198056,
        157365.30260511686,
        162428.4507098433
    ],
    "MAPE": [
        2.217461585998535,
        1.324150562286377,
        0.9227315783500671,
        0.9879454374313354,
        1.1686104536056519
    ]
}