{
    "MAE": [
        0.26481881737709045,
        0.14652441442012787,
        0.079908587038517,
        0.06886380910873413,
        0.10456302016973495
    ],
    "RMSE": [
        0.3818225321648314,
        0.17971999455078913,
        0.10268198225697277,
        0.0909405957756862,
        0.13485758173429493
    ],
    "MAPE": [
        12.033445358276367,
        3.753878355026245,
        3.3108017444610596,
        1.3888347148895264,
        1.3170033693313599
    ]
}